MW,LogP,HDonors,HAcceptors,Solubility,SMILES
362.1780831931537,0.1107975730317178,3,7,136.21444671699382,BrBrClOCl
765.5000144869413,2.251405684270149,2,5,50.12240345129653,ONOBrClNCl
612.3957592679835,4.23767501525845,3,0,36.15594650386122,ClBrBrBrC
519.0609389379256,3.393349318457367,5,3,61.89489399180319,NCClNO
209.2130483097056,3.8393668871686986,1,6,93.19225417514184,BrCONBrBrBrN
209.19616423534185,2.952700200264304,5,1,107.97214279951056,CClBrClNC
140.65852851773963,3.1536593871071146,1,8,113.19002748349732,CBrCBrONClBrCl
706.3233020424547,4.095173909391916,0,7,26.79002208816124,BrNCBrCClO
520.7805082202462,0.4980080531551156,4,7,109.93563558655062,NNCCClBrCBr
595.6508044572319,1.9365497818588429,5,6,76.60115307853196,OOClNO
114.40914600706172,0.3272566509176133,3,3,163.57791256715706,CCClNNO
778.936896513396,4.926008047979882,0,1,3.866087136160797,OCNCClC
682.7098485602952,4.66435603811968,4,2,20.255334961301774,ClNClClOCBrNCN
248.6373774747933,-0.7634391317889646,3,5,164.97764667880026,ClBrBrClOONCC
227.27747704497045,3.233451035094131,2,4,101.03279811780985,NOClCCNNCC
228.3831568974037,4.5514899044939945,3,7,78.92727364625797,BrOBrOC
312.9695700716764,0.0834520707640011,1,5,142.8212692283071,OClNCOBr
467.32950214256647,2.407671383315777,1,5,84.78928917691624,NCBrCNBr
402.36151304948106,4.492929785528251,2,0,58.15598111001069,CClBrCBr
303.8603981386293,-0.796324128485207,0,3,158.62285237409145,BrNCCOC
528.2970263056657,3.1845216034810395,4,4,64.22084498710781,NClNNBrNBrBrClBr
197.6457024564293,0.7840940442353046,3,10,145.55938645569125,ClOOClNCBrO
304.50125397465274,4.546377172259183,1,2,69.49772371551536,COCBrBrCCOBrC
356.4532903055842,4.826349470992207,0,8,58.33751419526521,OClONCl
419.2489889519251,4.665598934680603,2,0,53.16722746966597,ClClCOBrBrNBrC
649.6231729751095,1.8452852999447824,5,5,71.37568171236494,NCBrNClClNCCl
239.7716475108518,4.172255905935881,1,5,83.82427896221218,BrClNNNBrNBrC
459.9641068895281,4.067296391210422,2,9,58.04954678530196,OBrONNBrON
514.6901982034296,0.9146028394595338,3,4,103.75367790024576,NNCOCBr
132.5152889039984,3.973492844904064,4,4,100.54404147193246,ClBrNOCC
525.2813963310068,-0.7779541917070443,1,9,130.63906198707488,NBrClCOOBrOCl
219.36688658110407,2.5776192708923182,1,4,112.9521513291567,NOOBrBrNClOBr
145.53611508969567,0.3800530237262183,3,5,158.80710188501774,NClCOClNOClOCl
764.2198760773333,-0.2765986853363271,5,7,92.41582691260544,ClNCCCCl
775.9424231521915,-0.5382807902247451,0,1,95.31187694305513,ONONBrCCClCC
665.8781436815228,3.177732655268839,4,5,47.13635445199567,CNBrCNCClC
313.2296384213595,1.0392497826083966,1,0,126.85879882052346,ClClCONBr
168.37047980446872,3.3486006291725685,4,3,106.47701287156528,CBrOCC
578.9631185585099,-0.6078619552063458,1,9,121.09397610029202,CBrONCl
408.1067456177209,0.891742026983662,4,2,117.45762301472386,NOOClCCNClN
185.4267643913452,2.2369477542520237,2,8,122.87252521354812,NBrClBrBrClBr
446.6238370778891,3.744338989033781,1,2,65.0997038813675,CCOOClClClCO
124.07196478065288,0.9125150175924196,4,5,152.6157541092114,OCOBrCOCClCl
736.5242814551474,2.7553482586220546,0,0,45.34532717440567,NClOCNClBrC
281.14598712001185,4.315866489417123,2,5,76.25897678637982,BrCClONNBrNClBr
563.7655990477874,2.695179129093828,2,3,67.9429813007961,OOClNClClBr
318.19775326258764,0.3977568485218026,0,7,136.92933336681315,OClOONNClN
464.0476148244676,-0.8535953106607719,4,10,139.55396999128774,OOClCOOC
482.69719554029575,4.220593243405579,3,8,52.65296316737005,ONNOBr
229.39811886786893,-0.8723835348976772,0,3,169.19829405647766,NBrOBrO
778.709239435191,4.248210036105196,4,9,15.191177802181189,ClBrBrOClBrClClBr
642.5929763527802,2.173622804163272,0,9,66.78216455318127,NNBrOClOCl
757.6492590949324,4.634406191077377,0,5,11.387072761843829,BrCOOOCBrCOBr
726.3791452993541,3.792699414641993,1,0,29.32428326021419,NONNNN
518.5299851677596,4.987604663200025,4,3,35.3903408006963,NBrBrCCCl
745.3119645161818,1.104270892710261,3,6,71.76482289030626,NNClBrClCCC
161.9447514363437,3.603129733586761,1,0,103.03807717734436,OCNBrBr
237.18800369340164,1.411585481655453,0,7,130.1584081774006,BrNCNO
131.65910223737666,1.8792537218234528,5,9,135.55505018993705,OBrBrNC
327.73123153428503,2.7650327793102205,0,10,96.28304973637736,OCOClC
372.0741027826374,4.242062685118032,0,5,66.12302573353645,ClBrCClNNBrNNC
289.94432224172715,4.904500815195771,4,4,65.34861279985459,NOOOBrOCl
680.1162564063505,3.6096404831871087,4,9,38.15812656275437,CNOClNCOCl
349.7273286855125,1.5066006930040023,1,10,114.50740569757758,OONOOOOO
296.65415678116653,1.5281420136624213,3,8,120.78253017464716,ClClBrOClBrNCl
479.887258210774,3.425493809533349,1,1,66.2558625647641,NBrCBrOBrC
198.64695748233385,0.432662874609814,2,4,151.291415737878,ClCBrOBrBrCl
661.5378865278278,-0.337155321211632,0,5,106.26035287088207,ClClCBrNCBrCBrN
152.18545057583958,1.1277329458446594,5,6,145.5146029139424,NOCNBrClCNCN
790.8208556203621,0.7234339499244904,0,4,72.42349388204656,BrNClClBr
640.5713385076602,0.7778487227359405,0,8,90.29777064094344,OCBrOClCClClCl
239.1009770739207,0.4016465062994596,1,0,146.75160276076892,CNClCC
103.86548198652169,-0.7474408621818287,5,6,182.8074957880486,CBrNClOClN
670.8229999183839,-0.8927563915995171,5,9,114.35973153686064,BrBrOBrOOC
594.800140693332,4.926334338416189,5,6,26.87774343973036,ClNClClClBr
610.3050176286911,1.566638802415174,1,3,80.93455942282738,OBrBrClOC
639.889242680162,1.3059598829580903,0,8,81.58117994901157,CNONBrCCCBr
151.83125621386324,3.077883696158419,1,10,113.0563647039601,ONNBrNClCNOCl
350.92600998099084,0.309523327190385,4,4,134.30885996586971,NClCCOBr
181.1083416675908,4.699767103701352,4,3,82.36533889652861,ClBrNBrNCOClC
704.1723981129155,3.718070086493312,1,6,33.34394879433036,CClBrClOOBrCN
536.3086887792906,-0.4635339861264429,5,3,124.02031367136271,OBrCBrONCCC
331.62861739685445,1.5054846547095702,0,2,116.78834524690036,OBrClNCBrCC
144.49084520021654,4.274709845372988,1,8,94.02681359375646,CBrBrOClONClON
317.6876252009636,4.668392133748462,1,10,65.81584462073853,ONClNBr
327.62832541872297,1.8044090674992184,1,7,112.30630819767264,BrOOOCBr
610.7243248366449,2.680468335264246,2,0,62.318320474348624,CBrClOCClClOClO
546.2902299486492,0.0022036765524513,4,6,115.01032664721134,NOBrOONONBr
721.0489198034286,4.947011756821859,5,8,10.752022410873773,NCNBrCNBrCNBr
430.5504476133645,0.3900302083006604,3,7,123.0140239099851,ClBrClClOClCBr
183.7159721568112,4.656390644810754,5,7,82.76232606688603,CCBrNOClCC
599.2713510560965,2.8978798939542108,3,5,60.1264162187511,COClClBrN
632.5495340318282,2.6464207692731545,2,10,60.15762875813557,CBrBrCBrNBrBrC
492.8940382986474,2.076131066099052,1,3,87.11939411101821,BrClCBrC
639.6770259681927,0.3840188703065521,2,7,96.97339058220004,ONOCCOClBrBrC
445.6569174550736,0.0591681920330495,2,2,126.640082117565,ClClClClBrCl
465.91298056739583,0.3229172544210521,0,8,119.712256522058,BrOCCBrBrOCOBr
399.27871285098473,0.1186295728655271,4,1,131.44633467920147,OBrCNBrOC
117.79338872086664,3.67750684140052,3,1,107.31737905321631,NClCNClOClClCl
175.52399889531313,1.1007515550003806,1,6,143.04697422141285,NBrNClOClBrNCC
122.00042998071396,-0.6529439406196218,3,9,178.96567859607111,OCNBrCONCBr
545.4872878846463,4.814615780844868,5,3,34.903826000338086,BrCBrCC
320.04918675342867,4.302715309780554,3,9,71.61526315947884,CCBrCCC
455.999483815292,4.566513699171278,5,7,50.224836203567214,BrClClClBrBrNC
735.2965317482651,4.969446935878612,4,8,8.597151266823335,NNClCCNNCl
274.5045604042125,0.0433714953169237,5,6,148.29740502752472,OBrClCBrCBr
387.2680461249408,1.3774521134159523,3,4,111.96729234411652,ClOOBrONCl
628.885796980134,3.549430854224548,3,7,45.56542780707411,BrCBrClNBrOO
260.1587158441357,3.176123708322754,5,3,97.8780987141038,BrBrClBrOCNNCl
153.8859368801551,-0.0766245619608696,2,1,165.37466725599512,BrCNOBrNC
302.8260170396376,3.8949987499437055,4,10,80.56343537098353,ClClClONBr
212.8549010778031,0.346643431019964,0,5,150.94908018160856,COBrOOBrN
750.7883566398011,0.3429056889357385,1,8,83.76969393776254,OOBrNC
665.6842656950919,2.2218465373604817,3,0,63.09202449877216,ClBrOBrClNClCl
543.3826295572965,2.557639609050219,1,10,72.78317782116763,CNCCNBrBrNN
710.0224131314023,2.4805172470268677,0,9,53.23857757479359,NNBrNOBr
662.5704538293801,-0.4510789756134707,1,6,108.030009531552,BrOBrCClBrNClN
230.59904122022508,4.264765175782282,0,9,83.42903358443382,OOBrOBrOBr
724.7912989429844,0.5936002555322364,5,8,82.84108337325634,OBrNClCCC
477.5395693409555,-0.2229104723031749,2,9,127.35606170410014,ClOBrBrOBrN
665.2081086148438,4.332488479213863,3,8,27.97417843624681,CBrONClBrCNCBr
727.2639099464452,4.73390898937852,0,9,13.526861433719017,ClNNClCl
322.60243248030474,4.172765703592704,1,10,73.46193421341684,ClClBrONNCCO
177.03634716937373,3.857096448349268,3,2,96.91884913134048,ClCNCCBr
259.5546137793592,2.9314518838341304,2,10,102.03147521367792,BrONClBrNBrNC
398.9754520383794,2.305144223654836,5,4,95.04233143428864,ONOONCCl
672.6103361457452,-0.4780794405315391,3,7,107.22503199064084,ClClCNCClO
702.5114082794404,1.4507192784241925,0,7,71.34075265800008,NBrOOClNBr
104.86649137183348,1.236131102073884,2,3,149.62283687728942,OBrClClCl
457.523111804296,0.5585227025619572,1,10,116.8342326484304,BrBrNClBrNCBr
392.1877022041453,3.34052068213151,2,10,78.63452585562334,OClNBrCCOBr
255.4754673295112,1.9752544104726248,2,0,118.47799307593402,NNCNBrBrC
183.905757133578,-0.5137227045541124,4,0,168.90715876753796,BrNClCCClO
336.3306199825396,0.321099211698868,2,3,135.9403523072014,ClNCBrBrN
760.0367927387634,3.0995525819575755,2,5,36.669524541694976,BrClNCBr
326.24205241452864,-0.5432148430581989,3,7,151.6066574991539,BrBrClBrBr
463.1534352203562,4.107241484292612,1,5,56.9851291925786,NNCOClBrNO
592.1132712266244,1.970879162083846,3,8,76.47118839527451,OClClClClClOCCl
354.54072166550577,1.883519463959888,3,8,107.62375205914698,OCCCO
780.2474579046725,2.554446707957106,0,1,43.228289295964174,ClClNBrNN
773.7131064594779,3.9480857955508952,3,9,20.81776510005034,OBrBrNCClBrClN
276.2476070777549,1.0868552474131583,4,0,130.68812832506134,BrOBrOCCC
448.0739541246698,3.0680969153543813,4,1,76.18914047850993,ClCCBrBrCl
310.61481687173875,2.394391783974746,0,4,104.59995149145357,ClNCBrBrONN
299.38834606422733,0.6021696210165279,5,3,135.87362972502945,NCNCNC
125.82086314817296,4.271779918130948,1,3,96.40939347096258,OClBrNClCl
526.6950337859278,3.784556129641569,1,8,54.42051861606622,OOCClBrBr
451.875316260203,2.950711007950553,3,10,77.67040200163207,OClClBrNCNBrC
136.03512587499256,4.103490374565451,3,7,97.93743635620172,NCNBrBrBrN
295.052524965628,4.203765205758814,5,5,76.38901428331627,NNBrNOBrClCCO
735.7861201766576,3.2501778602902087,3,0,37.19043730641432,CNCNClClBrO
267.69332346688066,4.022079970182032,1,1,82.83700173027272,CClNOCl
201.42641046385617,3.1848287700157023,2,5,105.07455252508962,CClBrCCCNClO
442.6169321942941,3.0808446305618027,4,10,76.65880629968318,BrCOBrBr
789.9553178774205,2.711668269291106,2,1,39.39444744380401,BrCNBrCCClNN
269.43869005805027,3.516299837345848,2,9,91.0484997869796,ClNNBrO
570.494883184115,-0.0483693682415578,1,4,112.82762907267823,OOCNCBrClBrCC
633.1337307301023,4.285224555193571,2,4,32.77120773884437,NCNCBrC
266.3462807946797,4.231061166471392,5,5,79.52236212614183,CCNBrOOOCl
609.7514440283016,-0.8245163017926451,0,5,120.85634119300636,OCBrOOBr
357.44819290347726,3.954900503388576,3,5,72.73730083058909,OOBrOBrBrCC
542.6140814155056,-0.2267807951593288,0,1,119.28625307571728,CONCCO
543.4707975326263,1.0107131255548514,4,9,98.55426488250752,NCNClClCl
475.0422788523309,3.461049537749646,3,2,66.26888951429785,BrCClNCC
163.2028390380858,-0.0354406237101507,2,5,163.52365551540845,BrBrBrNBrNOClOCl
684.7117469124665,3.907802144714373,4,7,32.614329224035465,CCONClCO
324.54604548021507,3.992805067746452,3,10,76.21832651919892,ClCOClBrCl
230.562957279898,2.044806402565017,5,0,120.43285696392913,CNClBrBrN
128.54259908833473,-0.9616847696989984,5,0,183.2935879422748,NNBrClNClNONC
513.6250602317693,0.7222287990494767,5,10,107.09305415353757,CClNCCClONO
574.2950532895977,2.701561510254453,5,1,66.52042650122607,OCClOCC
111.61148024949932,4.887117068164541,2,10,87.92994716607024,NClNNCC
458.4651408094967,2.7908811621000105,0,5,79.51050469714606,ClBrCOClOClNN
258.5470426385566,0.5588214863849588,3,8,141.70126156376446,OOOBrCBrN
551.6209532866148,2.804034218597668,2,3,67.646810529212,NCCBrCNCBrCN
222.056500303494,2.239912278295133,5,2,118.24439949047768,COBrClClN
583.6564166717262,3.679072370906861,0,7,49.05840840091986,ClNClCCBrBrO
370.7147424103762,-0.3581161670382495,4,10,142.96259331600714,ClCNClClBrClCl
755.7109921157141,3.566167415012168,4,9,29.43333573533293,OCNClClCl
196.2646609021953,2.247599472056661,4,8,121.34025951961458,ClClBrClNBrCC
338.74644573518094,4.777952023153968,5,10,61.35749389720292,BrBrCOOOOBrC
179.43146486841235,1.0512329962321163,4,4,143.38385028757986,COCClCBrCl
747.285532794994,2.795731358803689,1,8,43.32711908723093,NNClOCl
714.1375473666867,4.592168633060105,3,1,17.529996028162415,ClONBrNOON
280.55913940060896,-0.3849416320559244,3,2,154.67913477585594,ClNClBrONCCNBr
561.9888322239253,4.623370923418706,5,6,36.02854724836423,NBrClBrNOClCBr
672.0555401408511,3.12731433380488,1,6,47.20448525231228,OBrClBrNBrBrClN
488.6405681196237,-0.5929776453689686,2,5,132.13622307452985,OONOBrO
470.7554048492045,0.8057814016808975,2,5,111.0592176991678,ONBrOOBrNClOCl
269.2966036303162,3.249032531871689,4,1,95.5207156816823,CClClBrNO
165.17193746412943,-0.5958963911873698,0,9,172.61844767010666,CNOOClCNNOC
728.0510305673288,2.49302276105764,2,5,50.77657516145657,NNONClONBr
730.2926400143314,1.0752983417177404,0,3,74.1251143029129,BrOClNCCNBrBrN
543.1710200912876,2.725493106604863,3,2,70.01207071184133,ClBrNNClBrClOOCl
337.32085373409046,-0.7255477971249229,0,10,153.2606899019874,OBrNBrCBrN
344.4467022288626,4.229220836914258,3,1,69.79048160615456,ClBrBrNNClClON
608.1689752091676,4.840933815064382,1,0,26.629981181114356,COCCCBr
727.977181966804,4.813267131714149,1,10,12.115066725580355,NBrNBrOOBrNCN
720.9604969855822,3.497910990457548,5,10,34.91475470250977,OClNNO
645.9128821003367,-0.2194825592162081,5,4,106.25226572439472,ClBrOCCl
549.4221523080014,3.5495791755741357,4,1,55.495911368597575,ClClOClClOClNC
158.89797549653417,-0.8524785012471909,2,1,177.67906141705308,BrBrOClCNCO
213.14009986622963,-0.8672586908260165,4,6,171.14513236382157,COOBrCl
728.9879319689554,0.9416613148972476,3,7,76.51548658892645,OClNClBrNCl
524.5003417617129,1.9318591424279945,4,9,85.57313823931932,OCCClClONBr
106.43793613164075,3.622444506846759,0,7,109.65451620276558,NONClCBr
171.03008000622248,3.099772259639031,3,3,110.29170233857168,BrOClNNBrNClCBr
564.451238375639,1.6754162382604898,5,0,84.85332456537029,BrCClBrNNBrNBr
103.54310869235309,0.6417599976899953,1,10,159.69444478528928,ClClNOBr
212.56563599224904,4.982747000946267,5,6,73.71684548519775,ClBrNBrNBrBrBrNO
484.1136525566103,1.557087813415838,2,0,96.86766320682642,BrBrONCCl
584.3266383848852,1.7083221459780529,3,10,81.8204677689218,ClNClNClOClN
556.3728816518203,-0.0182570728499849,3,3,114.09100767435554,BrClBrNBrNClN
256.98851662239184,3.768857292499576,0,7,88.39548054720807,BrClCClClONClC
598.5254549432751,3.162093354688932,2,1,55.816095553941736,NClClBrCl
266.07436124776007,0.3246176767325623,1,5,144.66374356515396,NOOCNNNClO
327.7797887114874,-0.5057137263049438,3,5,150.7894218494798,ClBrOBrNOO
622.5439835826169,3.082995812448279,3,8,54.13207184470158,ClClClBrClBrNBr
554.7430293330503,2.927067285686811,0,4,65.2059999052552,CBrNClClC
694.4563873459246,0.6395571619892559,4,9,85.8669988819385,OBrNClNONONCl
560.3290246102404,4.705181373502462,1,3,34.87251569867891,NClNCOC
497.8160223348301,-0.0936526493145986,5,4,122.66720803005622,ClBrClBrNN
165.57233747966472,1.5940088062556113,2,9,136.0699777107817,ONBrCN
357.40106214160346,4.661695521005593,3,10,60.96327521553968,COONClCN
285.6416573772078,1.518363901556734,3,4,122.32206113523678,COONOClOCO
270.79275036535853,2.831155685984513,5,7,102.29831143792164,CNOCNC
781.1073883267119,1.3855663877767657,1,9,62.60213666288159,CClNCNClBrCl
375.1684072667323,0.6452912140920202,4,7,125.68242885679146,BrClBrCNNBrCOCl
724.4325886239793,4.903865887758969,3,1,11.048161626019768,COClClNNOClN
541.797038198084,1.456004037890258,1,6,91.3419695937352,BrBrCNBrOC
656.3679124791539,4.364595222074806,5,7,28.544090572192328,COOCBrC
451.84596517363445,0.3797276353465171,0,10,120.52379376418708,BrOCCBrNCBrCC
503.8327192384514,0.2786282241504998,4,5,115.71043969268524,NCBrCO
444.76238567320473,-0.8131955026929318,2,4,141.29129350239828,CNClOClO
236.6700914586312,2.9100009522553103,3,10,105.2495560300826,CNCClClN
605.7164806830538,1.2111580623425668,1,8,87.43280554224216,COCClCON
296.54065370859905,4.186149499037822,0,2,76.4965933024614,OClCOCl
117.02117650201768,1.839259440149343,2,9,138.05136226809208,OBrBrCCCl
551.8306071350175,4.80916056748833,1,3,34.20183131665063,COBrNBrOBrClCl
223.97747558493427,0.1131530942187268,1,8,153.45026398157108,ClClOCClCN
758.32100904704,4.211739007733665,2,5,18.34755707355892,OClNOClOBrN
767.7500039018112,3.6595811167504495,0,7,26.37156423309943,ClClClONOOCC
740.405073154314,3.625531067864312,5,6,30.35718139130556,NNCCBrNCNCC
359.1110901788111,4.068699368701326,0,10,70.63279091595986,OBrCONCl
110.8196315702072,3.566143945657993,4,1,110.04514695942422,ClNCONOBr
749.8229938114077,2.757321929788493,3,2,43.65009361043249,NClCCClNClNCl
399.72890382212,-0.2125307339056745,2,0,136.90939925399624,BrCBrOOC
776.6583733305687,-0.8048429230524885,5,8,99.66508538455372,ClClONClCl
774.533983962477,4.525087086894121,2,6,11.098467223121686,ONCOClNCl
697.106618827152,2.699901887124428,2,0,51.19664119453219,BrCNCBrNNBrNC
306.11422444871,3.779223745857058,0,2,82.08199284629362,BrNOONCl
369.5684100213477,1.8891341090753,3,3,105.65171359607652,OOClBrCNCN
695.7956700617998,-0.2961508662256331,4,3,101.29472234603558,BrNNClN
321.84540360939434,-0.2488852467846973,1,4,147.25074532857064,BrNCNNCl
218.6449226802648,3.1133917233738284,1,2,104.11285594206976,ClBrOCBrBrClN
489.76088372084513,1.5818353693967762,2,2,95.74930004494809,ClNCNBrOCCO
755.3083419125467,0.2031483602020203,3,0,85.533984590898,NOClOBrC
587.2208576724811,1.9495672804486213,5,6,77.43793811679618,OCCOBr
499.04281906255545,-0.6147463775491955,0,10,131.19875390966715,NClClOCClClClBrO
168.023545639538,2.4918284114863924,3,9,120.79991660361786,BrNBrClClNNCCl
530.5050586894188,0.613960426610586,3,0,106.78752722031288,NNNClClBrCl
793.0376950729843,3.785354603823129,0,1,21.11437805215814,NBrNClNCl
198.0588106655668,0.8621717535414426,2,3,144.20645277444677,ClClClCOBrN
462.8307566546157,1.731320894490807,3,3,96.62414050999293,BrBrONCClClCl
714.1611503495689,-0.9302767605513962,1,4,109.56780221549384,CBrNBrClBrOClO
618.5380324279431,-0.5653186732326467,0,10,115.43805716705124,BrCOCBrBrCC
587.9110186966875,1.3549613384401091,5,1,87.26176702224558,ClClNCO
591.7388587909766,1.8796330083027408,4,3,78.03875917941558,ClNNCN
351.6438058538286,2.6001232887158223,2,0,96.04246945634104,ClBrClOO
305.5142909851453,0.7499754722558194,0,1,132.6444557559265,ClNOCBrBrCl
666.5528088349595,3.169891316759255,4,0,47.18271028297581,OBrOCNBrOON
667.0793762754265,4.160734383135227,4,9,30.60283824665123,NOONCNNBrCBr
706.9506230060725,3.6791059333600975,5,9,33.64607323490596,BrBrClNCBrO
739.2683867895299,-0.7622870479098571,3,3,103.62956911647304,NONClNNOOClBr
457.93967920265646,1.8830416835469737,5,3,94.70684537388505,NNClOBrCNOO
451.0614062810397,-0.3704189294909508,3,6,133.12430637305255,ClClClONClNNCl
658.8066252767426,0.4522700951751648,3,9,93.44467025415445,CCONCOClNNN
554.9747515444355,4.919975559602879,0,10,31.96189673023091,CBrClBrOOClOO
591.3768140803924,-0.1450267425909206,0,10,111.82834394979965,ONCNClN
657.0548686052707,1.9933289207081364,2,8,67.97932607920556,NNBrNClNNCN
723.0037392722965,2.708934405908715,3,8,47.80895915915103,BrOClBrOC
336.5966097960751,3.214789823264624,4,4,87.67892672108022,NOBrOCNBr
362.9080668479608,2.3578921009214846,1,9,98.6716232953135,ClNNBrNNBrO
165.7873578886083,-0.941374915484898,2,0,178.2994955220056,COCCCCBrBr
504.7960986973218,0.9587678494639512,0,0,104.25435683843558,ClOClClOOClCCN
125.15959165771946,2.1062698603082683,5,5,132.58388670431393,CCBrBrOClNBrBrCl
425.9186126927221,-0.4728010051309999,2,1,137.9735234989264,ClClBrCClCNN
479.8512442953036,1.1037615872550846,2,7,104.95590134216896,ONClNClClOCl
300.5788764897991,-0.8007813472518006,2,8,159.10732955963846,BrClClClCNNNC
513.5832823983076,-0.5285290170698755,2,3,127.94423998470948,ClClCNCN
121.3501749573346,1.3815396572095766,1,4,145.13890051017358,CBrNBrOClClClBr
126.1437321244501,-0.2037054757416379,5,10,170.9604580801377,BrOCOCNCBrO
675.8203924617608,2.405245089569349,5,7,58.768366116124085,ClClNNNOClBrCN
352.13344898788404,3.136789814823594,5,2,87.03682196278793,BrOClBrBrC
188.94235885631932,3.8035201946544976,3,4,96.3235352320518,COCClCl
465.5702820383631,0.2009014654688605,4,2,121.78869032072362,NNClClBr
638.9954871690276,0.0048954935544185,5,9,103.3773058779646,ClNClCCBrCClClCl
251.07471924779023,-0.3725929579935985,2,2,158.15887606058618,ClOClOOBrCl
536.0233330733001,2.81858149726182,2,2,69.35405841147382,ClCCClOClN
159.7432254956376,3.238854358921407,5,6,109.38452416435518,NBrOCClCBrCOC
136.1772048180254,-0.8104831310461478,5,6,179.81923491518265,ClBrBrBrClOOBrNCl
471.9482420977036,4.617273477462139,2,6,47.38524511341807,ClNBrNO
478.44458512707456,-0.6881722980911655,3,9,134.99729849396843,BrClNNBr
546.2009310487446,2.247778011806423,0,7,77.59525008879989,NOBrON
608.263933605863,3.2543631167054983,0,4,53.06095635417548,CBrCClClClOBr
783.0964556237742,4.225814742476514,5,4,15.016030672419662,NCOONCCON
461.41024381083673,3.284521592794567,1,3,70.91502631040262,BrCCOBr
326.06953105887214,3.810368498418751,5,6,79.0685003106618,NNNCBrOCClCl
656.6303363380925,1.0367011552568366,5,9,83.97618870345782,OClClBrONCl
289.582575883452,3.8889506824790736,0,3,82.31966663991727,ClNOBrBrCBr
407.27999449394525,-0.5193109216919491,2,1,141.07851604978933,OOBrClOBrClNNCl
154.9194669395862,4.3688999363631655,5,3,91.15340102649895,OCONCOO
117.74552039082026,2.285554256922417,2,7,130.52257233577384,OBrOBrNNCO
773.8538902745476,3.903786619774962,2,8,21.538486719432186,BrNBrNCl
685.1860843585441,1.713909707109801,1,2,69.11991100335197,BrBrClClClBrNC
587.1819442655885,2.86146617117915,2,6,62.24448744714893,OBrBrClClClBrC
386.26706108998894,2.1584159656166797,0,8,99.07635127014008,ClNClBrOClNC
221.30602404959205,3.3895371305319912,3,10,99.1777948182678,BrCBrNClBrCClCl
209.50592986976025,-0.5102201078164625,3,3,165.64876056322103,ClNBrOCCClNClC
275.17002871521674,-0.6378874960566172,4,9,159.5685380115415,BrClNClCClBrOC
484.45866529428434,0.4826194040608786,5,2,114.7323434371998,ONClBrCNBrClClO
600.2171458900436,-0.0427319193208699,0,4,109.01838875242572,BrOBrNClNO
562.1381637024119,4.23070139955321,2,0,42.55437287797834,CClBrClBrOBrCl
295.95372786216,0.3152839241482659,3,2,141.08438528142554,ONCNCClClOO
768.4056964642359,4.855191534914788,0,7,6.362762360057383,NNCCNBrOCl
616.527841687038,1.021374750626641,3,10,89.24444061200957,NCNBrCO
488.04783675798046,0.0927074941321957,2,7,120.78222883638252,NCCOCO
528.2045223640466,3.738191042854875,3,3,55.00458399024626,CClNNClBrNC
393.72004369945296,2.9522466530052567,5,1,84.91421698748077,OClNBrClONCBr
273.4116926508102,1.9891742987188337,5,7,116.00396677333482,CClOBrClCN
349.1808750558831,2.332181305625787,4,7,100.81603552425148,NCOClOClCClN
630.4922773250584,3.315210669633583,4,9,49.26828750714133,OBrOOOC
110.0754420408291,0.3707284479877923,3,3,163.3950956117665,OClClNOBrClCBr
181.25084835484137,4.978003496340452,0,2,77.71025234997065,BrONCClNCO
132.20184941522692,4.848758972880699,5,1,85.99545260841832,NNClBrBrCBrBr
128.5101616232791,2.9019541180816213,0,8,118.90366116239642,BrBrBrClO
698.8224088077051,0.1972547055748708,0,0,92.69295380612236,ClNClCNClN
592.5605015660166,3.0813694545877475,3,6,57.9071130611188,NClNBrOOOCCl
431.9216803611277,-0.5668095461249449,0,4,138.78994905694145,BrClBrBrBrCBrBrBrN
168.48391245570105,-0.8160849867651636,5,7,175.87426072245677,ClCClCNClNCl
444.13111258178265,0.5460973310672821,2,3,118.7153220761558,ClNCCOC
431.430239546396,1.7757377404358978,4,6,99.80892438276886,BrONNCCBrNN
221.2413089370106,4.209635032450283,2,4,85.51758584203561,CCBrClCOON
403.6961544665811,3.363014418597848,0,4,76.82107371504657,CBrBrBrBrCCCC
378.9533140781614,3.4562391271998862,2,8,78.36018362023172,NNBrOBr
531.0950686365516,1.552960006688452,5,8,91.06378297562352,ClOBrOOClBrOON
544.5655556073507,1.0756099552817773,5,8,97.33580629438488,BrNClBrBrNCN
131.71280684043117,1.2262325779076164,0,5,146.43202284648584,ONClBrOOCBr
362.2288302385298,4.925897382416347,3,5,55.956439846578,OCONClBr
538.1019409999654,-0.7593448515251051,2,4,128.72633823375608,NBrBrOOBrCO
452.1953810060614,4.202188976734691,3,8,56.77242776199748,ClClOClCl
699.5428888318256,2.4720524514343607,3,9,54.68959803878245,BrNOClBrBr
561.0855421332615,1.6316925151375423,1,7,86.00276531438327,ClONNCBr
214.0540989570008,3.3515459624908197,0,6,100.71747158886124,BrClClOBr
149.3981231803009,1.9200136485482169,4,6,132.6583404599921,CNOONCCN
549.693494744421,4.240539428489964,5,5,43.945989348781325,BrBrClON
118.55791737913526,4.404211184067551,5,4,95.11007392648226,NBrCBrNCCONN
510.0429068914243,1.5303255612407325,0,3,94.07254395122642,CCNBrClOOCl
758.1611689974703,0.6609667834103095,4,2,77.54707415181106,NNOBrONClN
502.83192451311527,2.5541019715601734,5,2,77.91097657652438,ClBrBrOBrClNCNBr
371.7189483445653,4.474180073700146,0,5,62.29879689526023,NCNClBrBrClBrCl
550.3017529096472,0.2639731340339994,5,3,110.14606198572744,CClClCONOClCN
420.77702334406166,2.7377995013808967,3,5,85.10621372564403,BrNBrNBrClN
481.93175252115446,2.7893613205551238,2,2,76.60250892560363,ONOCNClCCl
759.0253661435676,3.3986781344916857,2,3,31.81052699052596,NNOCCCNCl
370.271846460542,-0.2105938892364411,5,8,140.55925067970628,ClBrCON
772.83339467674,3.294949788092532,1,4,31.81332919719864,OONNClClCCC
733.7454493692446,4.454195123993846,4,6,17.378566762280325,OCCNCO
237.0537943525075,0.0780986532214518,4,9,152.39996481891237,CCBrCNOCNN
148.55291061261582,0.4252599495432658,4,1,157.67655368103527,NOClCClClClN
170.54460096419865,4.828370564249838,3,4,81.5424154753112,COOON
112.7552779560848,0.0858617162569386,4,8,167.80789498454044,BrBrClNBr
166.11007252914987,4.126310560217474,2,10,93.79773159689836,OClNCNOClCCBr
578.1047413914498,1.9536671386882087,3,2,78.5091216812653,NCCOCBrOClOO
149.8320539221603,0.4833864464190622,0,8,156.54788581941227,NNOOCBrClCOBr
323.28294120563294,4.224499407635069,4,10,72.51464222204474,NNCNNNNC
691.4127176786182,1.671831530015993,4,5,69.04288478990618,BrOOBrBrCBr
116.2903550150781,2.088904123578141,0,3,133.98197023014623,ClBrClOCOBrN
670.127937812255,1.1554002163985944,4,6,80.31067083349154,ONCClClBrCN
297.29834234138,2.5577051086095643,0,7,103.54262206383478,OCBrCClBr
182.71537933515935,-0.0188567644898633,3,5,160.8081903246028,ClCCOClOClClCBr
587.7160157549055,1.3464892199105645,2,4,87.42734436546074,COBrBrClBrN
540.2599927459188,4.816473934011725,0,5,35.5262686732314,NNClClBrNCNClN
714.2304094689371,0.5488005962067652,1,4,84.9078555462701,NCCCBr
614.5497306627201,2.940419987247753,0,7,57.50761721303077,OClONC
662.436651269394,0.9511403853481692,4,0,84.67641216885626,OOBrBrClBrBrNC
297.4242007999145,3.640838754119604,3,10,85.47466233135063,BrBrCNON
224.207680645806,-0.214758035689901,5,6,158.88667384743923,NNCClClClN
625.4303261486008,4.818926270471268,3,9,24.83910472357044,NNNNNNBr
664.7843174870848,1.7227372483018355,5,9,71.52300617575048,NOCClNBrBrCl
793.3535994004714,0.4163027800787837,0,10,77.22575374029469,NCCBrClNCl
388.83237383799855,-0.5590195160199241,2,1,144.04627853724892,NOONCl
360.4126600549482,0.0185474305252444,1,8,137.9726269843774,OClClBrBrBrCClBrBr
643.4890725193978,2.118643691336106,3,0,67.5864710794735,ClBrCCNCOCl
338.5624781771125,1.022019058587718,4,10,123.9793725847323,CNClCCCCClO
751.5301279224954,3.973300195295657,5,9,23.17039742142713,ClCCBrBrC
700.8889262901083,1.5853251419708356,4,5,69.30013184755587,NClCClCNCCl
400.2958191625128,0.4922856355257794,2,8,125.09159534592293,NClCNBrNClO
625.6097474540481,2.70286991962418,5,0,60.08428290784098,NBrCClCl
628.1800118592777,3.240663301312675,3,3,50.799776829045705,CONOCN
172.18670818515284,0.0022514474056991,0,3,161.7724706867609,ClCBrCCl
731.7870346756966,0.0057152977299059,4,8,91.76469903670616,OCCCOClCNO
453.6766607135,-0.7799714383987422,2,10,139.6232747174582,NBrCNON
678.5202262754192,3.4184120903938435,3,4,41.54477020900854,BrNCCBr
324.03472072142824,2.9828271657308303,3,4,93.11520714764096,ONCONBrClBrO
726.8662599473404,1.8477852544988835,3,5,61.67862993160107,NOOONOOC
372.4411751139142,4.065022693815183,3,0,69.02780821384101,OClClCCClC
107.58635603620884,3.834020917700319,5,0,105.9846902004686,ONBrCNOClClBrCl
733.7673834934845,2.512126186380513,3,8,49.743640623639216,OCCOCCNO
163.9006737502935,4.209627683079551,4,2,92.68528772988746,COONBrNCl
323.51954631329045,0.2350472602206095,2,3,138.97593570716188,COBrCNOBrCCl
765.0433769355634,-0.3284822836136327,5,0,93.1776159432818,NClClBrClClNOO
765.4250028562893,0.6184976691019377,3,8,77.34691349126487,CNNClBrClBr
501.40652168630027,-0.6574788634641109,1,7,131.61549918028098,NOClNBrNCCOCl
542.2860485188595,2.187017168006192,1,1,79.09729113503936,OBrCNNClBr
413.91186538482384,4.619634153769769,2,7,54.60044759740087,CONClClONCl
305.2475401886452,-0.7639387559889421,0,6,157.9097034095684,CClBrClClBrC
330.0651817589412,-0.2673405159398392,0,10,146.53086087912968,ClClONClNCC
570.7629192539268,1.7131941697006114,5,5,83.43473226491562,BrCNCClO
626.662170606376,4.6032501051674295,5,0,28.279726921412507,OCBrClC
654.1053306080939,0.896936629860503,5,6,86.6212231763132,BrBrNNONOBrClO
652.7326999561877,2.0434088521303546,0,9,67.68493163663729,NClCNBrBrOC
163.84427213408327,-0.7505628456976474,1,6,175.3621800782004,BrCBrClO
446.094213291807,-0.1099407942274668,0,8,129.40390324231524,ClNClClNCBrNBr
140.291132011651,4.919780737753081,4,0,83.80059620265892,NBrBrOClClNN
484.6702176266149,4.790712178616273,3,1,42.90435315306859,OONBrOCNO
409.0713509613639,-0.9703601143935424,5,10,148.37208303638857,OOBrNOO
721.3929279308098,4.710870712539434,1,8,14.644705466324876,ONCClClCBrBrCl
345.6405087864551,2.834719626893002,2,8,92.88294262014308,NNCBrClBrBrClBr
181.9469114993241,4.207509767120133,2,5,90.46480661058229,ClBrCCCCl
200.0941774369851,1.7284391338031546,3,5,129.51424225699094,BrONONBrC
633.0574422022306,2.093576171475501,1,3,69.30821686679614,BrBrCClBrO
532.7526443213827,1.933079481541521,0,3,84.52126143413514,BrCNONClCN
170.7858732859532,3.001185545276626,0,4,111.96534008464542,NNNBrCClNClN
158.8747642804982,-0.1620924714621225,4,2,166.1755289893064,ClCBrClOBrC
590.6783920213841,-0.8201584607639323,4,0,123.1678420100592,CCCBrNCBrBrON
150.93410445493546,0.8475796495471455,0,0,150.34024278401398,BrClClCClOOCl
675.3020415032494,3.22808457641988,2,6,45.119168538429165,BrNNBrNClONO
594.3695590095474,0.2111207127376901,5,0,105.51845991151174,CClCCBr
156.94414644932982,3.040594599949504,2,0,113.03873836134204,OOBrNNCBrN
159.38639985963434,4.819472276643623,4,2,83.08549540681865,NClClBrOO
790.6477049508228,-0.4365957052634897,3,9,91.77896530220532,BrOOClClClClOClO
361.9895570292842,3.035612709350758,0,3,87.49109354882683,CClCBrOCC
359.44950294682366,1.662501315827427,4,3,110.69379020118993,COCBrBr
668.9596970802518,4.208853526265032,4,1,29.565812427217995,OONClBrBrCBrO
763.0740041687011,0.0628987366843154,5,0,86.90077053417376,ClOCNCCCl
790.2007446760097,3.155755713356987,0,2,31.962311692882345,BrCClNNCClN
627.3647296812592,4.0286917378886615,5,10,37.76787982503158,OOClBrCl
363.381709871641,4.667685316844139,0,3,60.115864318642565,NClClBrNONNCl
158.45050168906812,3.0994881697378744,5,2,111.8688844599019,ClCOBrClClCN
644.0028411492058,1.983048584050564,2,7,69.78216845550655,BrNOOOBrBrClNN
490.8829748150635,2.707083441207283,3,9,76.85490412799567,ClCClNOC
396.9554064728834,4.213429906872309,3,0,63.49007574301775,BrONOOCl
734.4480695663152,2.4236584798329783,0,1,51.133016640327625,BrCOONBrBrBrClN
177.83823761430594,-0.8176776418189788,1,6,174.73151432852808,BrNOClNClBr
444.8375730036014,4.585692173041867,4,3,51.300433823852046,ClBrOOClC
107.94755133719336,3.1371605061893666,4,7,117.55388097969472,OOClNNBrClON
428.0624493958884,3.059080314663479,0,10,78.84085524778929,OClONCO
139.41229297728614,0.294050914386303,5,2,161.0059481380675,ClOClCClClClCC
183.17254138765037,2.953312821395943,1,5,111.21488530327798,NBrOOCCNBrBr
182.26837274397343,1.3631864339249509,2,8,137.83001284158746,OCOCClCl
554.4472114812445,2.9073978622489527,5,0,65.57080086069521,ClCOBrClClClO
622.2314154857963,-0.3604418181520556,5,0,111.5617700334764,BrCCNOCBr
508.3581355680117,2.947071827618216,0,7,70.67070259369494,ClCOCBrBrCBr
773.5207839321794,4.996482354624,0,2,3.368529431410915,ClCClOCl
362.4094056665928,-0.7107277668366638,4,4,149.8776204056203,ClNNNClCNCCC
299.9984603973025,4.863045105327904,0,0,64.78277402820544,NNBrBrCO
708.0193897326222,1.441447764337224,0,4,70.80678021113516,OBrOClClClClN
256.51708696361686,4.224520702023555,0,10,80.86001909582198,NNBrOCBr
774.2557776084279,3.694312904349641,4,5,24.979479393119163,CNClOOCOCl
108.50813228287144,2.402097565920007,2,7,129.73485736597428,ClBrONOBr
778.9151786953473,3.430695255507959,2,2,28.790681737948944,BrBrNBrONNO
130.21193836540328,4.271093367808088,0,2,95.8719515741898,COONOOBr
723.8001795886497,1.424841929906198,4,10,69.11094538631549,NNOBrN
469.3907763604099,0.9621989693794322,2,10,108.62283679862487,CBrOOONOClBr
795.0753572835102,3.0055603133815083,5,9,33.85624178320275,BrClNCOOBrNClN
151.6575953147792,3.8470756516475513,2,8,100.25820639152674,COOBrClOCl
487.69799908092455,3.573710808659694,2,3,62.80923663722287,OOClNBr
778.5117749333692,3.786881893151807,4,3,22.9046632474654,OBrNBrNCC
466.16849091910416,1.6134998888775982,5,6,98.17060715381868,OONNC
540.5790466946837,3.90700529705013,4,1,50.644197545662365,BrNClClClNBrNOCl
587.024082289232,-0.2787456677763493,0,7,114.60108417678516,CCNOBrO
418.1787453374413,2.266934587765097,3,5,93.27874703673488,CNOCBrCBrCBrBr
539.2906560588444,-0.9654480370112706,2,2,132.01280194283228,COClOBrClNOO
509.02001834617016,0.9475149794016218,3,8,103.91391471670173,OOONCBrBr
730.8106073436923,1.198769209228387,4,4,72.00252059489868,BrNCCN
131.81246623902052,1.3770361496555323,4,7,143.90617255919688,COOCClClOO
296.6742327145612,3.1728032401391726,4,6,93.36900024169364,OOCBrBr
765.2880388535912,1.3313486076220746,3,7,65.48318501626653,ClCCBrCN
723.1846487236414,1.692161735735184,4,6,64.73255664729176,ClCCCCON
418.95972694999904,0.4252647852459648,0,2,123.87562104381738,CCCBrClCCBr
534.0928184610757,1.2395107497760405,4,1,95.91321852943152,CClCCClCCOCl
294.16682808679286,0.3636177635789088,1,6,140.50218376283573,NBrOBrNOOBrOBr
231.6848118066329,-0.5608244573893382,3,2,163.71980614732652,CBrNBrCNO
424.5888834579875,2.620691560288267,1,2,86.58153022961378,OCOCCClCl
347.34655961823694,3.0092767913300973,4,1,89.76040019221875,NClClBrN
508.55927829561045,2.716942076057687,0,3,74.48105561208725,NBrCCNBr
154.41424587548937,1.780964262803434,2,7,134.34881488550658,ClBrClNClONCON
782.0763653663165,1.2787146810753791,5,0,64.26187631128745,BrClCCBrCOO
790.347521135722,4.180001897430952,5,0,14.873194900852225,OCClOCNNOC
588.7131998138216,2.114490710817308,4,4,74.50267150965051,CBrBrNOO
475.26745644088425,1.8750912657783856,0,10,92.67338018191636,OCCCNBrClO
316.6693314004294,-0.8461476051613859,3,4,157.85212699430275,ClNClBrClBrO
669.656513794864,1.047486965756938,1,10,82.16815301302636,CClNNNCClNBrN
579.3118207877155,1.2811737127151424,1,0,89.56646052294985,OCNNBrNBrO
213.83185754142391,1.392936685381403,1,5,133.38873971763198,CNCNBr
737.6490291456897,2.481034215363993,3,0,49.77663443405556,OClOCBrBr
675.7760700462183,2.2016152803612705,5,4,62.16773657153488,ClNClNC
764.8599393043469,2.647430556760668,0,8,43.60199830761218,ClClBrBrNBrNOBr
608.0036558718521,3.58929956925277,3,4,47.511216861805664,OOBrClC
529.3906371550529,3.877914432296561,1,5,52.527596484009045,ClOBrCCl
392.7701254034332,3.3087384573589667,4,7,79.09142670192139,ONClOClBrCBrClCl
752.9099383478093,4.733142175729608,2,10,10.333888111030372,CBrOOONNBr
706.2447226502859,-0.8906045039418302,3,0,109.89615140107809,OClClCNClO
131.6530690743326,0.1746679141012765,3,1,163.9655677973538,BrOCBrCCCOClO
118.4568821480764,-0.9546227501311472,0,8,184.43660223367624,BrNCClClCBr
363.5243568146347,2.8848482849276182,0,2,89.81198398271036,CBrNNNBrBrCl
667.387331547283,4.388183293699921,3,5,26.77352866159094,NOBrClONNNBrCl
791.0932905204611,0.4608937794577956,1,4,76.76510902731243,BrBrCCCBrBrCl
205.2918237724697,4.56220726877784,2,10,81.63506754881061,CONBrCC
515.8915007464946,-0.6383956582626349,0,1,129.4868233777321,OOCNNBrBrOOO
366.62359964171503,4.606616160833086,1,6,60.728447364234185,OBrBrOON
778.9400784702223,1.1097361234378065,4,3,67.47022146725877,BrOBrClBrNNClO
689.4832461949961,-0.3914750293047009,0,0,103.67251138070384,OCOBrNCO
686.8300932977965,1.9152305551179536,1,3,65.55906241914288,ClOOBrBrOBrBrCl
428.0852118564792,0.5406594063230477,1,5,120.8116917458893,OBrOBrNNNOO
390.3736516363657,0.709237411771537,2,6,122.71600334926202,ClNOClOBr
291.38495035149435,0.8437397895577194,2,6,132.84788471343455,CCNCBrOOBrO
139.46284765564897,3.818155386995981,4,6,102.26455425977754,NNOClN
705.3056633785372,2.234967660051527,1,2,57.9206644101574,NClBrNCClONCl
669.0307063910543,0.8678461949360219,5,5,85.24039178551784,ONBrONO
799.8023713002914,2.66200269986551,1,7,38.99132525637174,BrBrClCC
797.6457859517337,3.2969040453391614,2,3,28.679209333713928,NNClCBr
488.8021939218392,0.6357440044012026,5,7,111.63732568641672,ClClOClBrOC
638.2911906263573,1.4812946091521093,0,1,78.85869101917018,ClClOClClClBrCCBr
761.3360109176996,-0.2686834399783147,0,9,92.6443893015928,ClCClOBr
694.753173474188,0.0868960972080818,3,8,95.04091836225848,NCBrCClCBr
273.1436712202384,3.086707123789897,2,8,97.74525570097192,NOCBrO
415.3808947170655,0.0886300861737616,3,7,129.93355339080412,BrOBrCBrOOCl
190.4115906060465,2.150980302002361,5,9,123.68221280753818,COClCBrBrCOBrO
767.8357190811057,3.254277570334596,2,9,33.115908942618525,ClCClClCClC
524.3222441156161,-0.358738461431537,4,0,123.7720271760736,BrBrBrNONBrO
260.0499638524239,2.4038733177734213,1,1,110.76253255555666,OOBrOBrO
570.1904790840997,0.5393767022081826,4,5,103.06991174435116,CNOClClOClClBr
532.689768320527,4.777561251425479,5,9,37.12109143617614,OCClOClClN
350.7139026229884,1.9012738803195488,2,4,107.80619750013398,CNBrOClBrBrC
179.49031453974033,3.8359552986509486,5,8,96.96445570501665,NBrNNCBrBrCl
570.1012369149597,2.3013592529375706,1,4,73.71469117000386,CNCClBrBr
464.2153906326553,-0.739524802871085,0,1,137.63182288543615,OCNClBrOC
640.6228742149475,2.798908253564134,0,9,56.60700316372933,ONOCO
464.1144507783954,4.708420053239943,5,3,46.84535943203487,BrBrCBrCOC
696.5270502229781,2.609670920877987,3,8,52.77293670749461,BrCCNCCOClN
486.3347871421399,3.915133156560741,2,0,57.289265664553504,NClClNONBrBrCl
492.6565800747704,4.305238780090447,2,10,49.99728115581293,CNClBrONOBrC
713.6575218608415,0.3684786316935948,0,0,87.98483257250157,NCOCBrCBrC
382.4380063486779,0.2722690394493599,4,6,130.9907652155926,OBrBrNOC
193.81065991544853,2.66588593310595,1,10,114.67556862546977,NBrCBrNOCN
120.14787341933727,1.4661708188402285,4,2,143.87866884191237,CCOCNNBr
628.5960789715333,4.0391678172003225,4,9,37.43935984188629,BrBrBrBrOOCl
534.2166859474253,4.400138740388067,5,1,43.22060191677072,NBrONNC
592.8558376694565,1.1205282758163086,0,8,90.55088236104612,CNNCClBrO
249.0749130562375,0.4212233538468923,0,2,145.1785799705221,BrClClOO
195.46003291073885,3.683153091463171,0,1,97.51494436177146,ClNClCNCO
110.18126596751736,0.6488362132888166,5,7,158.74673819924672,ClCBrNBrClO
345.41129116461786,3.935685911082071,3,9,74.56215675305494,NClOCC
512.9423807982432,1.542429521892577,4,5,93.50837703534332,OBrBrCBrOC
374.57083156981264,3.005299395748823,5,5,86.42365612462638,BrNCCCNCC
406.2324454166104,-0.4267881169919909,2,9,139.6674129394569,NOOBrNBrOBrO
732.9110861456239,2.743155948059438,1,10,46.00018176413971,CBrClBrCClBrOO
343.7788269163102,1.7106060724233747,3,6,111.85087876173831,CNCCCONNClC
459.7926424118676,2.519650779052845,2,6,83.86507338096914,BrClNClCl
648.5571089188002,0.0080852464691805,4,10,102.12894061066363,BrClNNBrOOClCO
377.5799476248891,3.421242469665093,0,5,79.11513205247064,OBrClCOBrOO
535.4606901595114,4.176782465259372,4,3,46.78770597573821,NBrCClNBrN
703.6545961227216,0.3004388005446539,5,10,90.36919547558222,ClOClCNOBrCl
764.6644365603495,-0.4257126668790296,1,8,94.84548987794012,OOCNOBrBr
202.95143665032657,-0.8581684837219816,5,5,172.26721181407555,NClBrOCOClClCO
748.6113376130461,2.851829002659596,3,3,42.22643275404264,ONBrBrOONClN
444.4814051556767,2.6425642165326844,3,2,83.73042074666233,NBrNOBrClONN
280.77107180927084,2.28018447628442,1,3,110.23387475243416,BrCOBrO
421.3950293667829,0.3916825766958525,2,2,124.1309117175546,BrNClCClO
786.022802699834,1.3454359754330882,2,1,62.656550071969285,ClNBrOClCl
444.8326657950087,2.5668580111170383,3,4,84.94828325700661,ClCClCBrOCN
330.1261272012557,1.9806011531550165,3,1,109.0575482139261,BrBrCOBrCNBr
543.380598021708,4.926713121289324,0,5,33.29887322579777,OBrOClCBrBrBrClO
268.10193314473514,-0.1813614846596012,2,2,152.84328310123482,NCCOClNNC
153.10432967606474,3.170867324285563,1,5,111.34750338573254,CBrNOCN
190.21580533745447,1.4259126086257528,2,10,135.791147522389,CClOOBrNCONCl
189.6320872704407,1.5691976895536888,0,9,133.47602759863344,OBrClBrClBrN
206.33188545860605,3.305586593949057,5,8,102.44873775185664,ONCNClCBr
197.1790208545871,3.1546169079462176,3,0,106.10900726073966,CONCBrC
548.6123213622502,4.94753596221313,3,5,32.297860459499894,BrCClCBrOCl
227.31605907940136,-0.2296342632752486,0,8,158.7460636696623,OCClNNO
341.9670983267042,-0.375342103695002,1,10,146.84314777074533,OCBrCOOO
727.7518869342083,3.346032902772447,3,3,36.59713242034984,NBrOCBrOBrNN
431.77314818401067,2.4703215020384546,4,10,88.18966477635776,NOOCC
567.290416964719,0.6449639993588352,3,1,101.67263122342952,BrBrBrNNClO
220.6239098411409,-0.5234837860660804,4,3,164.48007437095873,CONOClClOOCl
234.60231316606956,-0.4860505024214168,0,0,162.10888589459827,OOONBrBr
128.6080313865352,4.36514524798471,0,2,94.50490861027126,ClBrClClOOBr
218.2545441505152,0.1512039483124574,3,9,153.53144950931133,BrNOBrOCBrClClBr
295.013237322371,0.9402293726931246,2,8,130.78618912315153,OBrCClNN
223.9073389937228,0.3599384133619281,4,9,149.34594240308584,NBrClClCBr
162.09177362993893,1.1299778349916236,1,4,144.23889771306392,OCNONCC
184.44510977042057,-0.5834569435234398,3,10,170.0019770040881,ClOBrBrNBrO
422.545137622908,2.114358745449622,1,5,95.27587870630946,NCClNBr
244.43360288405475,-0.5943246184467106,3,2,162.68454328027167,ClCClCBrNOCOCl
354.9889027336528,3.802139046934169,2,4,75.59073637605725,CClOClNOBrCNCl
452.3920895983998,0.4022724914625981,2,10,120.07978060915671,ClCNNO
583.2763800405558,2.2400714876270635,2,7,73.08926103447948,COBrOONBrCBr
127.51849788876925,4.280474525368749,5,5,96.05227900775802,NNONBrCBrN
659.5872792363299,2.9052642142831653,2,3,52.46385319073934,BrClCOBrCNOO
539.5302726436355,2.197746719308012,0,1,79.26293726441203,CNCNCBrNO
157.23132236421034,0.9460025186922536,0,8,147.91270939293614,NClCNNBrOOCC
711.5050368747441,0.9980114783491876,5,0,77.7616790848372,ONCClClClNCNC
744.6106803722693,3.016921731189141,4,0,39.97496943364733,BrOCNOBrCOC
142.75457189840463,4.964836167327006,1,3,82.74174239058266,OCBrNClCl
293.81435370304257,2.971035139096272,3,6,97.0892868021818,NNNCNCBrN
664.3408958551429,2.3467005042201494,3,0,61.17904628110465,ClBrClBrCCNClNCl
623.7817832685608,3.3839030614354764,5,8,48.96222606750528,CCClCBrCCl
229.16471354946407,1.7912336737023091,0,3,124.83384957794516,BrOCNOBrCCBr
246.5445263356972,-0.6391459443952887,3,2,163.1676999479593,NBrClBrCClOON
359.3304719539674,2.373780895267459,0,0,98.8540094179631,ClClBrOOCBrCCl
439.1660896337149,4.745751707032281,4,9,49.34171034524762,NOBrNCCN
532.7783400712071,0.0518176541459578,1,3,115.87241325533316,OCClONOBrOOO
358.2395476988407,3.1400293449239944,4,8,86.21956745557834,CNCBrC
423.7743012932035,0.2056021319543388,5,9,126.9348434724439,ONNCCl
623.2296566936295,2.214966106838488,2,5,68.51352446598817,ClClBrNCNONClBr
125.67824202341852,-0.4199413021196823,2,5,174.6225747824007,ONOOCBr
276.7058610408145,1.7022256175491108,2,0,120.37467374407966,BrBrCBrNCNClO
599.3447101191866,3.5369799733714764,4,9,49.465578345577065,OOClCNNN
726.6447863810396,1.0854291454338925,3,1,74.41224927847185,BrCClBrOC
458.1742094809663,2.989470346923308,1,10,76.23705136615742,NBrCCCBr
472.4794396857209,3.772699764738375,2,5,61.39507396031196,CClClNONOBrO
175.02040793784323,4.563066916876716,5,1,85.40466705982433,ClClBrOBrCNCBr
413.1886567764183,0.4078524911327212,5,2,124.88720971740236,OOClClClN
472.8320865185162,1.395895494855849,2,3,100.96439760425466,ClNBrCClClBrCOCl
269.7293525443108,-0.0855039200174954,2,10,151.04222959891942,NOOOCClCClO
288.4702616645667,4.954901012950251,1,4,64.69286707609164,CONNBrO
364.0989141732359,4.562005807545772,2,8,61.78753893591599,CCNClCOCClCl
114.04983844440846,2.2397427816833577,1,3,131.74805716639298,NBrNOBrBr
325.45541590822484,4.052199766258528,5,10,75.11474357382977,BrOCNN
248.01360489758125,2.1257478636322533,2,8,116.90250166059812,OCBrNCl
329.2481465245403,2.7415141280165582,4,10,96.4854128841565,ClNNBrONOOCCl
183.83349227347583,-0.4652534073039003,4,9,168.10837025421387,OBrCNClOCCBrN
723.3690965179264,3.531622522980848,5,2,34.0518208855784,CCCOO
515.5147174878341,-0.233719098188591,1,7,122.78931195049724,OClOOOBrNO
575.3716234011426,3.95640578151517,4,0,45.47178404960434,CClClClBrBrBr
652.4198670251368,3.692168526022315,1,10,40.24470785481932,ClClBrClCBr
448.9095392503401,3.2524681864578584,4,8,73.01183781940985,ONCClNONNOO
160.8442016611966,-0.7830377168514273,4,8,176.2784367398742,NBrClBrClCO
475.9745792729834,0.8187701356719717,1,9,110.1903419963442,ClOBrBrCClBrClOCl
510.7887826146154,0.5786754194650572,3,1,109.84014518208878,OCOOBrBrNNN
621.807631929031,1.1608184448291148,4,3,86.26040526171921,ClCBrBrBrOBr
402.1616823607756,-0.4741435194169687,2,7,140.9655150285192,BrClClClCl
189.30621195689463,4.6217469381863765,5,6,82.64094120228188,CBrClCONBrBr
298.6431340591071,2.3228134442742574,3,0,107.289384171374,BrCClClClNCBr
354.1576074790446,0.8331458639481413,1,4,125.17786799931709,OBrCNBrN
552.1420689321209,1.3818891024457003,3,6,91.28408967605654,ClBrCOC
499.54481326823833,1.683215243029014,0,3,92.83664429098664,COOClN
349.2677081284924,2.6035660001637035,0,0,96.28210314787673,BrClNClClNON
790.5606741550857,2.094076566178986,4,8,49.61197296096451,OCNBrCOCl
524.0423735498209,4.516351839286504,4,4,42.55550598483065,OBrNClNCCClC
266.05875421519613,1.981780897434981,2,10,117.04630743251748,COClClNCNNC
171.2477308342826,4.952948088939876,5,1,79.37823216338342,BrCCCNClClNOO
207.0013974290324,4.108549746470574,3,7,88.98232954686137,CClOCBr
272.1704098691557,0.2510630861440148,0,10,145.12764733062195,CNClNBrONC
212.47696128168897,4.5835712878634975,4,1,80.38085837539725,ClCClCNNONBrCl
230.59691683591404,-0.3018016126871434,5,2,159.53874560696312,BrOBrNOONCO
299.566618085693,3.904698250947149,3,9,80.80920189016922,ClCClNNC
221.3615167063284,1.2837397608594805,4,0,134.26748106405094,BrCNCNCClC
727.7357972384976,4.267845922670417,4,10,21.23559330068085,NBrCNCC
156.16362196314955,4.208340140644702,0,1,93.67387824386128,BrBrNBrClBrCNNBr
467.1579726991783,3.835552400705727,0,6,61.0127134008406,BrCClClCClC
387.2777788927631,3.740182617842368,4,9,72.58723400769847,NBrNOBr
787.6650318360245,0.8280748345882447,1,1,71.07395711069286,BrClNClOClCl
178.42723151763664,-0.5144843016924869,4,5,169.60466775517023,CBrBrNClClBrClC
378.4989193320192,1.4178810725909687,5,2,112.38961720698146,NBrCNOOCNN
778.6293032927582,0.041147089919052,4,3,85.31888558975436,ClOBrCCl
705.8549881257862,3.16970653341477,2,10,42.27301759403056,ONCCCl
671.950449664496,1.076598359226713,2,7,81.39622113815945,CCONCClN
280.53197893145784,4.853661205159489,2,2,67.37248254757628,ClOCClCBrClBrClBr
219.62131117304608,2.845832464071992,1,9,108.45012836883603,NOClCCOC
568.0502539471017,3.9348833818061655,1,5,46.74566189317619,ClBrOCBrBr
750.5631923893101,-0.2048519635489094,4,0,92.9271336771514,ClCCClClBrNO
489.73402510975086,4.172086893635735,2,6,52.58179863401888,COClCOOClNBr
500.1288826289299,4.536543143080366,1,7,45.20817062004433,OCOClBrClC
295.9853655621989,1.922371512913616,0,10,114.29563742283152,NCClOOC
638.6450532343558,2.637517626505865,4,7,59.544074570607776,OBrNCNCClNBrBr
230.93062399026635,3.5888588054179724,5,2,94.65269191091716,CCBrCOCCBrON
326.57546548297057,0.0490317635624752,3,9,141.69420408858744,NBrBrCClBrOClNN
397.8055070314917,2.0153964587806543,4,0,100.0177039747193,CClClClClCBrN
455.3272650791185,1.3919781666338786,3,8,103.21778908787888,OClBrNBrCC
269.68681269055617,-0.1217560470265053,2,5,151.65174919745556,ClClNNOBr
180.3857773174425,1.2052065337491884,3,10,140.69833560616652,OOCClNCCl
527.4340297091428,-0.5909661436870386,2,8,127.2535153478078,ClClClNBr
302.04138726817905,-0.8451285583030781,0,6,159.66363589652892,BrClBrClCBrClOClN
506.8667549958286,-0.1890022650710634,3,0,123.12502671003917,CClNOBrCNBr
208.05390069194164,4.778690669535044,4,0,77.6817512545899,OOClClNN
436.7980712983722,2.2971772153701018,2,5,90.44728749820176,OOONClClO
472.8126027861101,4.79493296691932,4,4,44.31620853641424,ClOOBrOCl
136.27647577569883,1.594987269980792,1,8,139.71565269502446,CBrOBrOBr
335.62299473574444,0.8708967985115574,2,1,126.86551234950598,OClOONClC
194.090273857282,2.036851177041465,3,7,125.12452948381534,BrCClClClNBrCCC
144.36247933093742,1.6370701317974603,2,10,138.00352122034184,NCNNBrBrCl
792.9721626729616,-0.3660118944295365,4,4,90.3120112397054,ClCNCClOBrCCN
325.6476914823061,2.8449578881412374,0,1,95.21140709569111,CClCOBrOO
666.9121120982444,0.2962290950575976,2,9,95.03216773675948,ClCBrClNOOOCl
278.24845833463473,2.717527729386977,3,10,103.2601472183877,OClCClBrCO
577.0519055567505,2.9012065543889203,1,10,62.84840256559085,OOOBrCBrCl
632.1595019227806,-0.0878508812281113,5,5,105.77757694678762,CClClNON
516.947118425491,-0.631902237335991,0,9,129.24664748574682,BrBrNClCBrNCC
430.10333198511086,3.6845695164106393,1,7,68.16092489501717,CClOCBr
388.288639903088,1.7588025426159213,2,3,105.48387763518198,BrNClClBrCCON
344.2077865800967,-0.6510172269671453,4,1,151.15764712694033,NOBrBrBrNNOBr
750.6704009734781,4.969197903018603,4,10,6.679568161338518,NNBrCBrOBrClOC
681.4335854514104,-0.6533166340218002,3,4,109.04274571893704,BrCOOClNNClO
775.5188374665588,3.170211373151319,4,1,33.55662243082483,BrBrNBrOClNClN
187.00805643988133,4.902073551580481,0,1,78.25610041867347,BrNBrNN
611.607232642551,0.4350806252955537,4,5,99.63108549808857,BrCOClNNBr
756.8383197747265,-0.1465037878768229,3,10,91.17027315943956,CNBrONClCBr
226.86314631596213,-0.2716903634654266,5,9,159.50361276826183,ClBrNNNBrC
146.54738715674426,0.8196508854055733,2,8,151.3540618486474,BrCCCO
618.7844545030414,-0.3937251339361198,2,3,112.54736208605516,BrBrNBrBrClCOClO
502.1311792259384,3.152968050164791,4,5,68.01746842734453,NOCNOOBrBrN
689.2801437307904,-0.6262492112196238,1,6,107.61080222064491,BrOClCNBr
197.84066363840265,2.0565327688987383,2,10,124.3277042302207,BrOCBrClBr
656.6871183019231,4.980181123117861,5,5,18.244424826961936,ClCCNOClBr
241.1391240334212,3.883821617036113,4,7,88.46058254522046,NCBrClCClO
214.55916000599316,2.691316629386065,3,3,111.65816117614978,OClCNBrOO
214.98605855169507,0.83752172471967,5,0,142.50138060237694,BrOBrCOBrOBrCC
670.2023041619675,2.743375017749831,4,6,53.83512835059021,BrClNNNBr
565.63805448734,2.16224878346991,5,2,76.59109679791733,NBrBrOClNClOON
466.1457973383836,1.5565003033422289,2,5,99.12343694366491,CCCBrONNC
351.1813388864517,-0.2157377395588031,3,1,143.03129496517357,ClClBrBrONCO
714.0403785691758,4.319625291442801,4,8,22.084531154806346,OOOCCBrONBrO
374.7115751958448,1.698707892927935,0,0,108.18258821838717,OBrBrCOClONC
671.6196076301039,0.1677350709245904,3,5,96.58529786416052,BrBrCBrNClClONN
407.3944359991529,1.2065561052637377,0,5,112.29976041237693,NOBrCOClCCC
363.8611005974353,1.484778515173562,5,4,113.10438717242788,OCOClCNBrCN
423.8758499687245,3.9652273734012455,1,4,64.26172919722202,OClNNCCl
310.96451191489945,3.401686283368412,3,0,87.76799795449736,OCNBrBrCClBrCl
623.3265661233758,3.6158293618480393,5,9,45.15368987044404,ClNNBrOClClBrO
451.9042730647354,-0.9338124134281168,0,4,142.40883942404335,OClCOClOCl
262.5488866027721,1.496923989078569,2,1,125.56598935667736,OClOBrBrNCOO
729.702201292198,1.8880649098119415,2,6,60.65280967494289,ClNCCClClNClBr
368.723854961248,-0.8848463390616599,1,2,151.99029044753834,ClNClNBrClBrONBr
480.487002779792,0.5588792524702053,3,3,113.95780377802257,ClOCClNOOClOBr
734.5304776751829,3.56173893873281,3,2,32.15470797838865,CNClCCBrBrCClN
536.9665971397944,-0.1773417656260056,3,2,119.1682047846258,CNOOCCON
181.82862849585484,2.21186078871555,5,3,123.740408292759,ClClClClOBr
757.8824865294326,0.291211232103425,1,4,83.74450198209718,OCOBrNOC
539.3956371499926,-0.9272753521366404,3,0,131.3634678918616,CBrBrOClOCl
334.4339302599603,0.4472087455972489,5,3,134.07561295755082,CCBrClBrBrBrON
197.4904508643711,4.855242529460323,2,10,77.72631815094823,COBrON
655.8176324892072,3.809222671297937,0,7,37.869084750550144,NOOClNNOOO
534.0509291499595,4.757459865926201,5,9,37.28596942415172,OBrCONBrC
473.4227643834251,1.9271242635581745,2,6,92.03675005943562,NNClCBrOClCON
725.7248081356704,-0.3415828079349789,2,8,98.31077911529084,OClOCNClBr
652.0180478571715,2.2877569338421577,0,4,63.70179512048426,OClOCCNClClBrCl
206.1724158129258,1.7262640073597653,2,9,128.7907145673882,BrClCClClCl
318.2054474568838,4.066142496437696,1,3,75.78861079392793,ClBrCOCl
273.942397870126,-0.4115045152945324,0,7,155.9489421878098,CBrNClNClOBr
620.7624048008739,1.9294468221306689,2,8,73.58058569771295,NClNBrOClN
123.47270431504558,-0.0997080118360944,4,6,169.56104549122085,ClNCON
498.9227794099216,0.9480555613403598,5,6,105.1670598847538,OOClClOO
633.7210800184833,3.424142464326798,2,4,47.04915725890962,CCCClNClCC
713.7359457332246,1.856108776212599,1,3,63.181193846470265,ClBrOCOClBrC
339.45722410113524,1.2553297108746158,3,9,119.97901847278116,ClClONNBrBrNClN
674.880113270409,1.366857671420212,2,0,76.19235798419535,OClNBrCC
177.44221586864506,1.7566806104359198,3,9,131.8750461758207,CCBrOC
692.5166042141627,3.710099263022341,4,9,34.933770089523975,NCONNNO
189.2420636323877,4.352508133641407,2,6,87.1362731519281,ClOCNClBrClClBrO
378.1011033922571,4.73200811902357,0,0,57.20389342557503,BrCCOOClBrBr
658.1067560456876,3.721420317531771,3,0,39.04631686875954,ClNClOClC
204.94219914414165,0.8924413744880764,4,4,142.84153553218104,NBrClCBr
260.475976662849,3.1288082365192533,0,8,98.62703230848966,OBrBrClCCl
605.5767978751464,1.6256187443323515,0,5,80.5425878600675,BrONNOCClCl
604.025575582252,0.5280237322763071,0,2,99.02974084761338,BrClBrClClClNCNO
548.8033430197081,4.045229476555535,0,2,47.31242417994422,NNCOCCOClCl
585.76391112697,-0.76944190622605,2,6,122.93687621289628,BrCCCCClBrC
479.9071103433173,4.410571952812541,5,5,49.83541199354299,COClOOBrBrO
276.2593412348669,1.768864787748405,2,8,119.3198358831682,CBrONCl
341.9871954527436,2.8232088608496824,2,5,93.531452887579,NNBrClBr
227.118401760998,2.956123533234696,4,4,105.674807559297,OOBrCCNCN
735.9153929335398,4.370706444239218,4,9,18.49880181265389,CBrOCBrBrOOO
508.3742563362843,2.820018093003244,5,6,72.78624974124372,OCONNNCO
380.5959917345479,2.6836015085603706,4,0,91.03214255717532,OCNClN
423.4040625508929,-0.6000877566358602,1,6,140.4092881250694,BrCClOC
763.0983377282707,2.1104481316712245,5,2,52.77190558944576,NONONClClCClCl
207.34598218125612,-0.09898599509775,4,8,159.0648521456388,ClBrCCOClNO
510.3608824117581,3.424602612328913,5,5,62.46151282638169,COBrClNOCBrNO
454.1220752191262,2.073331524876047,2,8,92.01254851634178,CBrBrCBrNO
528.0179648042536,3.08136667525012,2,4,65.97497647863297,ClNCClCN
112.67712867458836,-0.7499625963856944,5,6,181.74806885543805,OClCCClBrOBr
710.486736260906,-0.4912479037251807,1,3,102.70995636280642,NNBrON
752.4827977385287,3.297940328376093,1,6,34.30731147641569,NBrBrOO
495.5932285124463,-0.5674939840079598,5,0,130.8424128360769,OOCClCl
587.6555767138245,-0.5724596334084484,4,6,119.41738013424607,BrOONClOOClBr
745.749566824107,-0.9273491485906752,3,7,105.57045662349788,CNNCClOBr
595.067044019379,4.739008389796881,1,4,29.966479667629613,BrBrCCOBr
206.77733003998293,3.425050156754041,0,1,100.40199779910148,CNCCCOBrClBr
503.4018521167693,1.119508451012385,2,4,101.7496276351974,BrBrOCCCl
524.7005324679992,0.7792134877259314,5,5,104.75887531273456,ClCCCClCClCC
396.89146991167024,1.098219378475097,0,1,115.41824328645627,OBrNCN
615.510964937306,3.647921187087091,5,5,45.595776264718566,BrOBrBrCClBrN
754.0569103383104,2.968223666422486,2,5,39.60582510066976,BrCNOCBr
747.8979590347434,0.1111734072048076,2,0,87.99319833391029,NBrNCCBrClNCC
415.58755998289246,0.044656012004506,1,0,130.64062146873002,BrOClCClNBrBr
179.2666320885287,-0.4096261017196161,1,10,167.75210601759417,OCOOClCC
789.3888392736342,2.9618163182080286,0,9,35.29612312066192,CCBrOBrO
687.2286605121539,3.586235973330416,5,2,37.65915121380717,BrOCCCC
187.2638768422868,0.5902785699500241,2,9,150.08737256221374,ClNCONCBrClClCl
744.5893178321606,-0.8743302338145231,0,9,104.83183916788865,ClClClNNOCOCBr
708.9274534434898,-0.5069699951414359,3,2,103.16690157192106,OOOClClONNBrO
463.1866399882505,4.807160209070183,0,3,45.31566651696564,OClBrOClNOBrN
513.8928050214505,0.7726686648645216,4,1,106.21892162457664,CBrNNCOCBr
379.3018927090912,3.615338887028802,0,8,75.66494862755025,ClClCCBrBrOCl
138.33314717542194,2.747981413125583,4,9,120.24199971764588,ONONONOClON
334.63806915213064,1.2916378379173752,4,10,119.97627739069408,NCNBrBrNCClBr
661.997414018608,0.2341235731733306,4,6,96.68159702811847,ClBrClNBrBrClClCO
103.242416103222,-0.2716814910435614,3,6,174.9560561711566,CNNClCBrCClBr
333.4494201838009,2.6900778082332,0,5,96.81752567313822,BrOBrNBrBr
378.7180855136603,3.647802683826728,0,2,75.19686124701367,CNBrBrBrNCCl
476.176922056546,2.863425521246784,3,5,76.08745938881869,BrNOBrBrCCNN
743.8989314889324,2.18181279949495,2,7,53.98242023896762,CNBrCO
342.44219605617286,-0.7482926594101824,1,7,152.9996031498148,ClNBrOBrOCNOBr
342.8672413273593,4.810932665566303,0,10,60.2927170746417,BrCCClONBrBr
616.2508736768239,3.792285149927448,1,8,43.09722162493955,ONBrBrNBrCO
416.552558622865,0.7569322202057884,5,0,118.6487265020454,NClOClCNCl
257.22337605798737,4.879821976153104,5,0,69.85004505686652,ONBrClOO
416.7076612928854,2.6112895378179326,3,2,87.72338337475712,CNNClOBr
198.5999142658599,2.494535949243479,5,2,116.93274489604288,BrCClBrBrBrCN
223.47089055435632,3.488439076577192,5,9,97.25882073775225,CNBrClCN
448.8574409176358,3.870618728540825,2,7,62.71584107628176,BrNCClNCNClBr
393.2478146531835,2.938871643989016,2,9,85.1961624352018,CCNClNBrNBrCN
740.3921307476701,-0.2314255218027998,2,0,94.64140901992124,BrNClBrCN
353.6757293816432,1.0296050359669904,5,1,121.96378322784476,BrBrCNBrClOC
506.4118451946304,4.568501841956298,3,1,43.89015531806624,NClOOCClO
542.5850015436713,0.3476936710631115,4,2,109.7153136226559,ClCNNBrClClONBr
109.16611961183357,1.2330021430250797,4,5,149.13753266476948,BrOCNBr
564.4761604116975,1.5924612976651762,1,0,86.23279165411822,NBrNOOOBr
224.625176808826,1.636429938166713,4,1,127.98135392945152,BrOBrOCNBrOBrCl
772.7492222286186,2.6776374949671533,4,0,42.11238897197012,NClClClOClN
204.06390942717903,4.658455026468245,2,4,80.18442754713185,NBrBrCNOClBr
390.2368866089166,0.4441562709950297,2,6,127.15111799063492,OCNOClCl
159.7447676550507,-0.2709917421944916,5,7,167.88176641302687,NNNCNCCCBrCl
797.8119762921632,0.1848229391596239,1,9,80.52645397748589,BrBrBrNBrBrClCClC
451.5365072318698,4.321549401255617,0,0,54.86544657508933,OOOONNN
516.7695121240306,2.874864875931236,1,6,70.82272971897558,BrClNOClO
146.95353417189924,0.7154407354349608,1,4,153.04012930459658,BrOCCBrClBrCl
624.9723292794245,3.8956816338117033,3,9,40.28376494321022,ONOCBrNBrBr
246.93391516691003,4.168219978180616,5,0,82.99626096779264,NNClOBrONON
728.6380026084996,4.079086032141668,3,2,24.268815804909742,OClNOOBrCON
243.59774833740505,4.513559201837326,1,6,77.65762809386894,ClCBrCClCOOC
233.4814044645666,0.5134461210401695,1,9,145.59072242459305,OBrClBrOBrBrCOC
125.58476749366642,3.530251572477669,1,0,108.79771118866388,NOClOClOOO
430.4468615769995,1.7632369836448405,4,6,100.14019257546109,NClNCNNCCl
495.3887932838315,4.051991317340369,3,4,53.87654555051491,ClCClClOBr
145.99604759984666,3.370944062969679,1,0,108.90142633385788,OOBrClNClBrClN
642.8693316865074,3.658684678998348,2,0,41.9965888892141,OCBrCC
417.3021843236193,2.936971026086429,5,0,82.22104319144043,ClNNOCC
467.0731885293061,0.0645726168182412,5,10,123.87297448686608,NNClOOCC
408.5339228567597,2.27016151338163,2,8,94.4305677532112,NONNCNC
380.5341426127282,4.908018437147049,5,10,53.96625822095815,CBrBrONN
491.7482319157525,4.624328398982714,4,2,44.79266436081904,BrClBrClOBrC
208.6681721514988,-0.74095758521793,4,4,169.59910490136147,ClBrOClOClOClN
227.34969134668975,-0.0111111056233772,0,10,155.0998070087201,ClClCClClOBrCCBr
703.2499347094621,-0.2096273592726285,0,9,98.92088081586104,NBrNNCCOO
762.2808234935429,3.3558794599117725,0,8,32.11690606477759,BrClClCCCCBrBrN
361.3165213958271,3.9067119791416713,5,5,73.0569018398271,BrBrCNONNCN
289.5212712004876,0.2810681978640315,4,8,142.45870446887184,ClONCCNCO
550.799680267311,2.035116157710974,4,7,80.56477067140322,BrNOOClNBrOBr
386.1139197686675,4.0442181680672,4,7,67.66545722779657,NNClCOCBrClN
117.7704489622414,3.3968092685975035,2,0,111.99853940309475,OBrClOClNO
209.30681815633324,2.2534232329510897,4,8,119.6129271812735,CNNCCCBrC
601.1805601931783,2.5420861427526376,2,5,65.81766092997542,NBrNBrBrClCBr
561.2467593371059,2.05016328149768,0,8,79.00810039123375,BrNBrClCClClBrO
118.96719475243844,0.7852907079129234,0,2,155.37425552406313,CClClBrOCC
255.3805133530646,2.3901319571540967,5,2,111.57523654496532,CCClClBrClBrC
261.75235761165,3.133311812300544,0,5,98.39242509353468,CCNCOCOCN
570.3249205191098,4.239937495164846,5,8,41.3770933490305,CNClOClClCCl
113.7973764280549,2.8177481238754885,1,6,122.14619254856834,CClCCBrClNBrNC
172.87600738920167,3.566729222258948,1,2,102.278345372034,NOClClNN
659.9412597612326,-0.039570190272562,3,2,101.50017903438862,BrBrClNNOOCNCl
224.98126343803352,1.7693448465187394,5,1,125.7215946282668,NNOClOCl
556.9222754963123,-0.9440102810374402,3,8,129.4515535802516,OClBrBrBrCC
266.7279467327086,0.4800731871297381,3,2,141.99112020624912,OBrNNNN
169.6089749315416,3.358770290678029,1,10,106.15270662225682,BrClClBrN
270.2205336996178,4.95085970809618,5,4,67.04143815261145,NNClNNN
605.5868522989614,-0.4049314024767045,1,8,114.38383350390824,ClONBrClCBrCC
698.9875276744,1.4089658951677295,3,7,72.47712745457117,ONBrNC
681.1539051968941,3.800425812194957,5,1,34.84866498047228,CCBrClClN
378.0284707329184,0.224213807773393,3,2,132.3428776954953,ClNCCC
567.6595955994524,2.330509695813717,4,1,73.53405561983983,ClOClOBrOBrCl
243.48900679107467,3.398427776178049,5,7,96.2567445481482,CNNNBrBr
305.20341118270926,2.695912701561074,5,5,100.25102857614344,ONOBrOCN
727.4350729647838,0.1281484076924968,3,5,90.2681424178604,BrNCBrNBrON
109.10134645751522,1.1323074121144368,4,8,150.82387482423667,OOClNCClCCC
159.85597159812767,3.702750706912383,2,7,101.63882510169432,CNOClBrCCBrNO
245.52037860221915,2.3253590847921,1,3,113.88730126152096,ClBrOCClBrNClNN
118.5725427116738,-0.9686223187425236,3,3,184.65547080674952,NCOBrBrCBrO
227.0048045628581,3.565944560168563,5,8,95.52532342683337,ClCOCBr
508.1290926787845,-0.7881318703585656,1,0,132.95272792112803,OClBrBrN
394.99718541474857,3.4744026963873926,1,1,76.05197355003321,COClCNOCBr
724.8701977538824,0.2148833609914244,1,1,89.14316926424097,ClBrClClONClOO
672.2104932169086,4.748440880716281,2,5,20.16634033594841,OOBrClN
339.27214618851315,1.2076445078125069,0,3,120.79690659622742,NNONBrBrBr
281.59640340190475,0.9615896980284746,3,10,132.107287940954,OBrClClON
365.78468571708686,-0.1066716980053319,0,9,139.38810925211968,CBrOBrBrOBrNCl
513.2064597603654,0.8336252929412893,0,2,105.28877098093284,NBrOClOOOClBrO
287.6445485760134,4.259904570969203,0,2,76.37935524517826,NCCNOClCON
536.9042354943938,4.978006025763484,1,2,33.25353680047604,ClClClClCl
386.5881565338683,1.2098571830410902,4,5,114.84552738258162,CClClONClCl
486.4330265963862,1.6916637857272554,1,7,94.33480857999749,BrBrCCOOOCN
405.28857039472166,3.332425629216422,1,10,77.13183488038608,NCOCO
306.1260316793424,4.317174682790447,5,6,73.11466799357476,NCCClBrClCC
763.9173148735097,2.558266005120705,5,3,45.20590222213288,BrClClOCOBrC
634.5240559118325,1.3491541890669758,0,10,81.531923193238,CNNCOClClBrBrO
198.0792230365168,1.4757310450917425,1,3,133.97791303557304,ClOCNONONC
707.9275831285389,3.1737088789808414,0,10,41.94723745925194,ClClNOBr
441.2018387746596,-0.980690418374328,5,9,144.52794379273968,BrClClBrOBrN
726.186558825864,2.717536024759044,4,10,47.267746400782926,NClNBrOCCBr
659.8986791631206,1.1329580626481444,3,10,81.96336406047419,BrCCCCBrBrNNN
397.6494531284634,3.765183987662505,0,10,70.87408523123366,BrNOOCl
115.72851582408218,-0.442056161061207,4,1,176.23487153967653,CCClNClClOCl
288.0741515694623,2.5292136016903437,3,0,105.17050435897816,ClBrClCClClBrOCl
479.1439502626069,1.8858373393167425,2,8,92.00971722856175,BrClOOOO
543.4347538783031,2.8539531554313644,0,1,67.83810317468937,NClOCClBrClBr
280.5213798032416,-0.6108784331021899,0,7,158.44946807629796,CBrOClOCNBrC
197.54925185097687,2.479902724568788,2,8,117.30796477581475,BrOClBrCNCl
684.4511657595094,2.368907527757142,2,3,58.29514548410896,ClClBrNBrNNO
789.0815264924864,2.363960566497026,0,7,45.2987997468221,NBrBrCOOOClNC
467.9831276118801,2.620925999578729,2,8,81.1533423888695,ClCONC
220.17550009381245,3.058807623358174,1,9,104.83126876563722,ONNNCl
290.6151285635583,3.829933998084618,3,9,83.17420896147824,OOClBrCN
112.87347358322673,0.618924320769286,3,4,158.9087437892752,NNOOOONClOO
740.0091645923493,3.950296461080372,3,6,24.993913407950146,NOClNBrCClNBr
182.4257580230988,1.9895340935807215,1,9,127.37121202076727,ClNCBrClCCl
503.5615328599775,-0.537650325194013,2,3,129.3489804790697,CONNN
291.8386544810442,-0.6486944245361248,4,0,157.66507526547153,CBrNCOClCC
487.9246017610554,1.005429912176365,2,2,105.585592910262,ClOONC
555.994271846305,3.709381862668805,0,4,52.01101830806512,BrBrClBrCBr
680.8192625950411,3.2460856084454948,5,2,44.12949870152828,ClBrONCBrCClClN
244.49489023242225,3.731689788034439,3,10,90.57664225370658,OCBrClCClNNON
107.69708006093632,2.103614338649656,2,6,134.810959348222,OBrNNCl
195.8199410481651,1.6411939877329431,4,8,131.5026075734303,BrCBrCNNNNBrO
730.0130492936736,-0.1152848397622963,0,5,94.0031161676624,OBrClClNClO
711.7230542937607,0.9691565216558692,1,9,78.21534285234875,ClNClCC
518.1891715192157,1.6041161970432514,1,0,91.82441694271051,ClOCBrClCBrOClCl
520.3618023035574,-0.4683974219222966,4,6,126.0947317440936,NNClNCNCl
565.5256721823789,0.3236717162672675,0,2,107.24809570608151,ClOClCClCCBrClO
222.75989503641472,2.5893517643824326,3,4,112.3324837140743,ClClNBrCl
740.0883621474718,3.413978685435139,2,9,33.92264330764704,CClBrBrCBrBrO
393.1393674244512,4.990085068357698,0,3,51.02282793264864,ClCOBrCBr
368.1969697746482,4.598679988061346,1,9,60.6640456438132,ClClOCOBr
463.2423936979863,2.855391197211149,4,4,77.83818083423255,CClCBrClON
132.87617674253852,1.5274883197644318,4,4,141.2656725777755,BrCOBrBrOOClBrO
216.3983581292556,2.8170641882493963,2,5,109.33246876301976,ClCCBrCClBrO
616.6235314984593,3.713909708481392,4,9,44.356896754669386,ClBrNClBrNBrClNC
157.95906754758852,-0.2899828544596761,4,9,168.4214974642127,BrBrClClOClONCl
522.2064766264717,1.4594293381777297,0,10,93.7337014520622,NBrNBrClCC
271.7443767769247,4.038813713813704,3,5,82.05172433932269,ClBrNOClClClBrCC
372.5069298293836,1.3029977115982645,2,7,115.05333857802268,BrBrCCCBr
302.0856157394899,2.4312336273631194,0,7,105.0520709098451,CBrClBrNNNBrBr
348.9709015254644,2.526616165173189,3,10,97.60170122309712,ClCClClCNClOCCl
603.3321336289719,0.1068575188018361,0,8,106.1358579830146,BrBrBrOClBrClCl
307.9852009362225,1.1734126499137305,5,7,125.27830571774334,CClNOCNCCBr
496.483248207828,1.0070677324515929,0,10,104.48846509982828,OCCOC
433.2352815393698,-0.8428197488076112,4,1,143.22591895437228,BrOCNClClN
564.5698157538536,-0.8548494166518685,3,9,127.00959664163278,NBrCBrBrClCNCl
755.7808175273306,3.990182262054641,2,10,22.35769344150633,CCClBrOCO
612.8004680471752,0.6384248598368745,2,0,96.09286049682186,NClNCNBr
250.4582650135297,2.1084725974328924,3,9,116.88484024942724,OOCOBrClC
121.82819454289928,0.7923534415326383,4,1,154.8989183232603,COClCOBrO
283.5848310098776,4.644075470692043,1,1,70.48397161223127,NBrCClBrNOBrBr
516.5545514901784,0.5557805531946425,0,2,109.50100517715032,NCNCNBrCBrClC
135.99806943897525,1.5779408764336105,4,9,140.0345600462346,ONBrBrOBrOBrNCl
447.4563730408655,4.236381502907611,5,6,56.79492832143163,OCOBrClClBrOOC
517.7899942418225,4.051601400750852,3,1,51.08289404059133,BrNClCClNN
333.9707235718725,0.1166085070776639,0,0,139.64351776888822,ONNClOBrCBr
639.6385426220753,3.815859858774262,2,5,39.78085119266955,ClNClClOCON
174.61877719364026,1.749121320427356,1,8,132.3539641770057,ONBrNNN
152.59644721506612,1.8978132325121315,5,2,132.6285568895812,NOClOClBrBrNON
609.7321293425223,-0.1991201655043373,2,5,110.43548659059032,OCOBrOCClCl
446.8439213443389,-0.5163909174572521,3,2,136.08435845624518,NOCCBrCOBrNBr
581.8816774994152,3.367635841842591,0,0,54.470859615196574,COCNCNBrClOO
404.37913702262233,1.9787669141317985,3,4,99.80649263664225,CONNBr
272.4814232673748,1.621104215691077,0,9,122.2547518300602,OClCOClCBrBrBrO
673.3716223719398,3.3770493719143806,4,10,42.877724338267846,NBrCBrCl
659.5911152782854,3.5930773939466585,1,3,40.99982069110335,OBrBrNOOOClBrCl
586.2875295980987,-0.0465509939838786,4,6,110.8232420333023,ClCCCBrCClO
290.5015960609739,2.661350896865848,4,5,102.66478554461412,NOBrOClCOBrNCl
513.161466808361,-0.1878755063338868,3,9,122.31940842118632,ONNBrONCCl
352.68172785801875,3.5082505161742743,1,6,80.77727541484309,BrOOClNNClBrON
164.1074513286439,2.941730937602837,0,4,113.79105295720557,CNNNCClNCNN
742.11950282357,4.739687726500748,0,3,11.57360003870796,BrNBrBrClClCOClN
195.773041643273,-0.5862519018614729,5,6,168.63256815894877,OClNNNNOBrNO
765.1661476745617,-0.6576716730924741,2,6,98.64875942555436,NNNBrNOONNN
412.204041070569,0.6931224481592009,5,5,120.25578739685886,ClClCOClBrCCO
